{
  "n_estimators": 165,
  "max_depth": 5,
  "learning_rate": 0.05729512437313371,
  "subsample": 0.8959489892671941,
  "colsample_bytree": 0.7826499869105897,
  "min_child_weight": 31,
  "reg_alpha": 1.2087369320015409,
  "reg_lambda": 1.0959982913110289,
  "gamma": 4.607734582768523
}